date,crime_count,split
2018-01-07,111,train
2018-01-14,99,train
2018-01-21,108,train
2018-01-28,101,train
2018-02-04,89,train
2018-02-11,81,train
2018-02-18,99,train
2018-02-25,80,train
2018-03-04,97,train
2018-03-11,84,train
2018-03-18,103,train
2018-03-25,101,train
2018-04-01,108,train
2018-04-08,103,train
2018-04-15,81,train
2018-04-22,85,train
2018-04-29,79,train
2018-05-06,77,train
2018-05-13,98,train
2018-05-20,87,train
2018-05-27,75,train
2018-06-03,70,train
2018-06-10,83,train
2018-06-17,70,train
2018-06-24,72,train
2018-07-01,77,train
2018-07-08,86,train
2018-07-15,82,train
2018-07-22,64,train
2018-07-29,81,train
2018-08-05,89,train
2018-08-12,83,train
2018-08-19,90,train
2018-08-26,62,train
2018-09-02,75,train
2018-09-09,88,train
2018-09-16,70,train
2018-09-23,88,train
2018-09-30,79,train
2018-10-07,89,train
2018-10-14,81,train
2018-10-21,95,train
2018-10-28,92,train
2018-11-04,89,train
2018-11-11,90,train
2018-11-18,93,train
2018-11-25,88,train
2018-12-02,94,train
2018-12-09,97,train
2018-12-16,100,train
2018-12-23,108,train
2018-12-30,92,train
2019-01-06,89,train
2019-01-13,106,train
2019-01-20,85,train
2019-01-27,83,train
2019-02-03,92,train
2019-02-10,108,train
2019-02-17,91,train
2019-02-24,111,train
2019-03-03,92,train
2019-03-10,95,train
2019-03-17,93,train
2019-03-24,113,train
2019-03-31,92,train
2019-04-07,79,train
2019-04-14,102,train
2019-04-21,82,train
2019-04-28,90,train
2019-05-05,95,train
2019-05-12,67,train
2019-05-19,66,train
2019-05-26,62,train
2019-06-02,71,train
2019-06-09,79,train
2019-06-16,83,train
2019-06-23,77,train
2019-06-30,67,train
2019-07-07,63,train
2019-07-14,75,train
2019-07-21,74,train
2019-07-28,76,train
2019-08-04,78,train
2019-08-11,73,train
2019-08-18,73,train
2019-08-25,76,train
2019-09-01,76,train
2019-09-08,70,train
2019-09-15,77,train
2019-09-22,82,train
2019-09-29,90,train
2019-10-06,80,train
2019-10-13,85,train
2019-10-20,81,train
2019-10-27,75,train
2019-11-03,80,train
2019-11-10,62,train
2019-11-17,67,train
2019-11-24,72,train
2019-12-01,65,train
2019-12-08,78,train
2019-12-15,100,train
2019-12-22,87,train
2019-12-29,98,train
2020-01-05,99,train
2020-01-12,104,train
2020-01-19,87,train
2020-01-26,101,train
2020-02-02,96,train
2020-02-09,78,train
2020-02-16,87,train
2020-02-23,80,train
2020-03-01,82,train
2020-03-08,80,train
2020-03-15,93,train
2020-03-22,97,train
2020-03-29,74,train
2020-04-05,84,train
2020-04-12,79,train
2020-04-19,82,train
2020-04-26,71,train
2020-05-03,61,train
2020-05-10,76,train
2020-05-17,69,train
2020-05-24,68,train
2020-05-31,62,train
2020-06-07,67,train
2020-06-14,63,train
2020-06-21,57,train
2020-06-28,56,train
2020-07-05,56,train
2020-07-12,57,train
2020-07-19,53,train
2020-07-26,47,train
2020-08-02,55,train
2020-08-09,49,train
2020-08-16,60,train
2020-08-23,60,train
2020-08-30,65,train
2020-09-06,78,train
2020-09-13,86,train
2020-09-20,81,train
2020-09-27,61,train
2020-10-04,69,train
2020-10-11,73,train
2020-10-18,64,train
2020-10-25,72,train
2020-11-01,74,train
2020-11-08,86,train
2020-11-15,80,train
2020-11-22,77,train
2020-11-29,70,train
2020-12-06,72,train
2020-12-13,80,train
2020-12-20,84,train
2020-12-27,117,train
2021-01-03,105,train
2021-01-10,93,train
2021-01-17,98,train
2021-01-24,86,train
2021-01-31,85,train
2021-02-07,87,train
2021-02-14,106,train
2021-02-21,87,train
2021-02-28,107,train
2021-03-07,79,train
2021-03-14,95,train
2021-03-21,117,train
2021-03-28,92,train
2021-04-04,101,train
2021-04-11,84,train
2021-04-18,91,train
2021-04-25,81,train
2021-05-02,75,train
2021-05-09,67,train
2021-05-16,78,train
2021-05-23,77,train
2021-05-30,84,train
2021-06-06,86,train
2021-06-13,81,train
2021-06-20,81,train
2021-06-27,83,train
2021-07-04,74,train
2021-07-11,88,train
2021-07-18,67,train
2021-07-25,83,train
2021-08-01,68,train
2021-08-08,65,train
2021-08-15,79,train
2021-08-22,87,train
2021-08-29,80,train
2021-09-05,70,train
2021-09-12,61,train
2021-09-19,83,train
2021-09-26,97,train
2021-10-03,80,train
2021-10-10,78,train
2021-10-17,84,train
2021-10-24,72,train
2021-10-31,81,train
2021-11-07,87,train
2021-11-14,94,train
2021-11-21,99,train
2021-11-28,99,train
2021-12-05,88,train
2021-12-12,84,train
2021-12-19,92,train
2021-12-26,96,train
2022-01-02,76,train
2022-01-09,78,train
2022-01-16,104,train
2022-01-23,83,train
2022-01-30,101,train
2022-02-06,84,train
2022-02-13,100,train
2022-02-20,95,train
2022-02-27,97,train
2022-03-06,115,train
2022-03-13,91,train
2022-03-20,81,train
2022-03-27,84,train
2022-04-03,91,train
2022-04-10,75,train
2022-04-17,84,train
2022-04-24,78,train
2022-05-01,90,train
2022-05-08,75,train
2022-05-15,89,train
2022-05-22,72,train
2022-05-29,75,train
2022-06-05,74,train
2022-06-12,71,train
2022-06-19,72,train
2022-06-26,78,train
2022-07-03,74,train
2022-07-10,65,train
2022-07-17,68,train
2022-07-24,72,train
2022-07-31,67,train
2022-08-07,70,train
2022-08-14,67,train
2022-08-21,82,train
2022-08-28,63,train
2022-09-04,62,train
2022-09-11,72,train
2022-09-18,63,train
2022-09-25,63,train
2022-10-02,76,train
2022-10-09,95,train
2022-10-16,85,train
2022-10-23,85,train
2022-10-30,81,train
2022-11-06,104,train
2022-11-13,92,train
2022-11-20,87,train
2022-11-27,88,train
2022-12-04,99,train
2022-12-11,93,train
2022-12-18,81,train
2022-12-25,85,train
2023-01-01,90,test
2023-01-08,81,test
2023-01-15,93,test
2023-01-22,78,test
2023-01-29,105,test
2023-02-05,109,test
2023-02-12,94,test
2023-02-19,100,test
2023-02-26,76,test
2023-03-05,84,test
2023-03-12,85,test
2023-03-19,81,test
2023-03-26,93,test
2023-04-02,117,test
2023-04-09,89,test
2023-04-16,87,test
2023-04-23,88,test
2023-04-30,92,test
2023-05-07,77,test
2023-05-14,84,test
2023-05-21,98,test
2023-05-28,62,test
2023-06-04,71,test
2023-06-11,75,test
2023-06-18,68,test
2023-06-25,77,test
2023-07-02,75,test
2023-07-09,62,test
2023-07-16,75,test
2023-07-23,68,test
2023-07-30,80,test
2023-08-06,69,test
2023-08-13,75,test
2023-08-20,69,test
2023-08-27,76,test
2023-09-03,76,test
2023-09-10,65,test
2023-09-17,78,test
2023-09-24,63,test
2023-10-01,77,test
2023-10-08,75,test
2023-10-15,79,test
2023-10-22,79,test
2023-10-29,73,test
2023-11-05,90,test
2023-11-12,82,test
2023-11-19,78,test
2023-11-26,105,test
2023-12-03,89,test
2023-12-10,103,test
2023-12-17,107,test
2023-12-24,97,test
