dataset,fold,ar_mae,arima_mae
D1 Chicago District 1,1,5.907300804861153,3.965966952284912
D1 Chicago District 1,2,17.91376413740693,17.160748684981012
D1 Chicago District 1,3,11.673136873188007,12.806669324898705
D1 Chicago District 1,4,9.61073762054407,8.347594582094233
D1 Chicago District 1,5,10.145157698076694,9.745058132685951
D1 Chicago District 1,6,13.090459899796448,13.000256868330581
D2 NYPD Manhattan,1,36.158523839549325,24.874419350465935
D2 NYPD Manhattan,2,71.08029703258177,88.21297229510537
D2 NYPD Manhattan,3,47.590908231113566,57.34145165139461
D2 NYPD Manhattan,4,44.65525822447903,43.12134480576794
D2 NYPD Manhattan,5,34.00235781157288,27.738866564839284
D2 NYPD Manhattan,6,37.18777456267393,38.06725888387328
D3 SFPD Mission Dist,1,16.198551350059144,17.164034236980946
D3 SFPD Mission Dist,2,18.74547565588822,19.23193888650757
D3 SFPD Mission Dist,3,11.908648547655599,12.17463377651133
D3 SFPD Mission Dist,4,16.45360155568782,16.215040553811612
D3 SFPD Mission Dist,5,12.677445018932923,13.062315625013461
D3 SFPD Mission Dist,6,23.51585370275452,22.388508956444745
