Model,K,Precision,Recall,HitRate,NDCG,MAP,n_users
Popularity,5,0.0734,0.0789,0.3067,0.095,0.0567,815
Popularity,10,0.0622,0.1345,0.454,0.1123,0.0583,815
Popularity,20,0.0486,0.2071,0.6123,0.1392,0.0651,815
RandomForest,5,0.2243,0.1963,0.6356,0.2783,0.1931,815
RandomForest,10,0.1617,0.2798,0.7374,0.2809,0.1723,815
RandomForest,20,0.1152,0.4021,0.8417,0.3188,0.1802,815
ItemItemCF,5,0.106,0.1151,0.4233,0.1364,0.0822,815
ItemItemCF,10,0.0883,0.1799,0.5902,0.1561,0.0826,815
ItemItemCF,20,0.068,0.2678,0.7252,0.1886,0.0914,815
